employee_id,month,billable_hours,meeting_hours,training_hours
371,2025-03,65.4,5.2,6.9
435,2025-01,70.3,33.4,7.3
91,2025-03,150.2,5.2,18.1
123,2025-02,114.9,14.0,11.0
567,2025-02,119.6,26.6,18.4
126,2025-03,101.9,16.4,11.8
470,2025-04,131.5,24.2,9.1
193,2025-02,154.6,25.4,19.4
515,2025-06,65.9,17.6,0.0
89,2025-06,107.3,10.5,17.5
473,2025-01,149.2,25.2,12.1
699,2025-06,146.4,6.7,19.4
471,2025-06,67.9,24.9,3.2
170,2025-05,115.2,11.9,6.7
249,2025-06,145.8,13.5,4.9
150,2025-04,126.7,10.9,3.3
189,2025-01,158.5,15.4,12.5
486,2025-01,88.6,8.5,4.1
100,2025-03,88.9,31.6,3.4
342,2025-05,77.9,8.5,16.5
631,2025-04,108.9,9.4,17.4
131,2025-03,122.7,14.4,3.3
43,2025-06,67.9,26.8,19.1
303,2025-05,150.7,26.3,4.6
689,2025-06,75.8,12.9,7.8
261,2025-05,102.0,33.5,15.9
250,2025-05,82.4,22.8,16.4
470,2025-01,75.5,20.3,13.2
677,2025-03,130.5,11.7,9.9
641,2025-04,92.1,15.6,3.1
267,2025-04,82.3,6.5,6.7
469,2025-02,79.9,16.3,9.5
141,2025-05,154.8,21.2,7.0
658,2025-03,94.6,20.7,3.7
270,2025-01,75.7,6.2,18.9
237,2025-02,96.4,29.2,16.1
176,2025-01,107.5,26.3,7.5
163,2025-01,128.9,5.8,15.2
494,2025-02,81.2,24.2,0.9
694,2025-04,156.0,32.5,13.0
519,2025-04,154.7,7.7,17.3
436,2025-04,144.9,16.1,8.4
299,2025-05,138.6,27.9,4.4
564,2025-04,122.7,21.9,11.5
580,2025-06,146.1,7.3,13.4
672,2025-01,147.7,22.2,16.9
663,2025-05,93.2,15.2,17.8
49,2025-01,62.8,24.8,7.2
180,2025-04,111.9,20.9,9.2
452,2025-03,81.3,11.8,9.8
515,2025-04,92.4,25.6,18.0
176,2025-03,124.2,27.8,8.3
412,2025-02,108.4,17.4,11.3
273,2025-05,85.4,10.4,5.7
413,2025-02,152.8,17.0,12.4
585,2025-06,99.6,26.1,11.4
205,2025-06,93.3,12.9,13.3
131,2025-03,65.9,31.4,9.1
534,2025-06,96.6,24.9,19.6
397,2025-06,81.0,29.1,0.6
556,2025-05,108.3,26.8,17.9
609,2025-04,147.1,10.8,0.8
557,2025-05,97.7,20.1,16.4
279,2025-05,143.6,10.3,2.4
200,2025-04,113.4,7.9,6.2
423,2025-04,158.5,17.3,12.6
546,2025-04,88.8,15.5,4.2
6,2025-04,99.0,25.9,11.3
186,2025-05,75.8,16.5,1.8
469,2025-03,125.3,24.7,10.9
550,2025-05,123.2,32.0,2.6
661,2025-06,152.0,10.5,16.8
622,2025-04,150.8,20.5,6.7
648,2025-04,64.1,18.4,13.9
510,2025-01,127.7,34.0,14.6
621,2025-02,66.6,10.1,8.1
52,2025-03,101.9,34.4,18.9
376,2025-04,99.5,34.2,19.8
506,2025-06,94.0,14.4,16.6
337,2025-03,105.2,23.8,12.0
604,2025-06,65.1,30.6,13.3
206,2025-03,83.2,16.1,15.7
663,2025-05,157.9,20.5,3.1
63,2025-06,111.5,12.7,7.7
79,2025-02,99.9,21.9,6.2
269,2025-01,126.2,34.2,7.1
147,2025-02,64.0,15.2,4.7
694,2025-01,140.7,33.7,3.3
225,2025-05,133.9,10.3,12.4
488,2025-03,88.7,12.4,2.9
114,2025-04,127.8,32.1,17.6
689,2025-04,110.7,25.0,10.6
646,2025-04,143.5,23.5,12.5
636,2025-02,119.8,18.4,3.6
329,2025-01,142.0,11.7,18.2
491,2025-01,68.6,13.7,6.4
440,2025-05,132.3,5.8,5.5
572,2025-02,130.1,6.0,13.7
322,2025-02,88.1,17.9,12.7
557,2025-03,66.0,16.9,10.4
509,2025-02,67.1,6.9,12.8
569,2025-05,75.9,30.5,13.3
574,2025-02,64.9,15.2,11.7
67,2025-03,100.0,32.1,9.3
435,2025-05,122.4,11.1,9.2
194,2025-03,130.5,34.0,18.9
144,2025-01,137.8,19.2,8.6
264,2025-05,89.8,12.2,7.1
228,2025-03,60.9,7.5,18.5
165,2025-02,79.9,21.3,18.5
7,2025-01,114.7,25.5,15.3
594,2025-01,67.0,10.6,18.1
325,2025-04,150.6,17.4,5.9
422,2025-01,100.0,17.2,6.7
53,2025-06,98.5,15.6,7.1
686,2025-02,108.4,34.7,6.1
680,2025-01,80.8,28.1,7.0
480,2025-04,100.7,14.0,7.1
468,2025-01,84.5,12.8,13.0
431,2025-05,114.8,14.0,16.1
543,2025-06,151.5,19.1,6.9
140,2025-01,122.8,29.4,6.8
476,2025-04,139.1,23.1,1.8
521,2025-05,110.0,29.9,6.4
279,2025-05,124.6,21.7,6.7
363,2025-01,148.2,15.0,19.7
442,2025-05,118.3,14.5,6.6
495,2025-04,108.9,17.6,0.1
662,2025-04,85.5,21.2,1.5
452,2025-03,144.1,28.9,16.0
278,2025-03,67.4,16.9,3.3
625,2025-02,158.7,31.1,10.4
650,2025-03,140.4,25.8,13.6
52,2025-06,75.1,30.9,3.3
219,2025-03,151.3,8.1,8.7
134,2025-01,119.2,6.2,13.5
350,2025-02,155.1,16.8,0.9
80,2025-04,138.7,20.7,2.9
374,2025-05,60.4,12.5,16.6
468,2025-03,154.5,5.7,13.7
502,2025-01,109.0,14.1,4.3
320,2025-05,92.0,27.6,7.5
404,2025-05,101.3,20.0,11.0
666,2025-02,86.8,28.6,14.5
539,2025-03,138.4,19.6,16.9
618,2025-02,78.7,28.8,9.5
55,2025-05,147.6,30.8,19.2
656,2025-05,157.2,21.2,4.9
380,2025-06,117.4,19.8,16.5
46,2025-01,139.5,32.5,12.8
159,2025-05,74.7,8.5,8.8
424,2025-01,114.0,17.4,2.8
596,2025-06,136.8,30.3,16.2
658,2025-06,127.5,29.5,5.9
254,2025-02,151.9,5.8,0.2
191,2025-01,110.0,5.3,18.8
68,2025-04,135.5,15.0,11.5
245,2025-06,134.1,26.1,12.9
128,2025-03,142.5,22.9,5.7
286,2025-06,106.0,31.8,13.9
238,2025-05,111.4,31.9,18.2
643,2025-03,137.9,21.2,16.7
625,2025-02,136.5,24.7,8.0
285,2025-06,88.7,32.7,9.6
228,2025-02,150.9,19.6,4.9
490,2025-02,78.0,18.0,7.9
442,2025-04,131.0,23.5,5.2
357,2025-03,144.4,29.7,4.8
234,2025-01,106.0,10.0,12.2
212,2025-06,122.5,13.6,16.8
164,2025-01,115.3,33.7,10.9
214,2025-01,68.2,25.2,13.8
243,2025-06,97.3,26.1,8.0
145,2025-01,60.3,24.3,17.2
178,2025-05,157.5,20.8,15.3
71,2025-01,127.3,16.6,5.9
629,2025-05,159.1,8.6,4.8
126,2025-04,110.2,5.2,13.0
427,2025-05,148.7,17.9,11.9
614,2025-04,126.6,9.5,14.7
383,2025-04,152.0,27.4,15.2
150,2025-04,108.0,14.9,1.7
154,2025-03,84.2,23.3,16.2
584,2025-04,115.0,34.3,7.9
661,2025-04,137.3,33.3,10.9
571,2025-01,109.3,12.8,19.5
221,2025-06,93.1,17.1,18.2
429,2025-03,88.4,23.3,6.6
230,2025-06,136.2,26.8,0.2
411,2025-03,97.5,16.0,11.2
502,2025-05,145.9,30.8,15.9
343,2025-02,94.0,21.2,15.6
52,2025-06,120.6,10.6,4.2
373,2025-06,107.8,11.1,8.1
545,2025-02,87.2,25.2,7.3
134,2025-04,148.1,20.0,16.0
337,2025-01,76.7,7.1,5.5
369,2025-01,105.7,27.9,13.4
491,2025-05,63.4,13.0,17.2
72,2025-06,155.2,20.9,1.7
175,2025-02,128.2,5.2,9.2
698,2025-04,99.2,10.3,12.3
357,2025-02,140.5,34.5,18.1
652,2025-01,73.9,19.3,9.9
382,2025-03,147.1,13.1,18.5
193,2025-06,64.4,19.1,5.9
498,2025-04,83.2,10.0,11.4
536,2025-03,107.9,23.3,2.1
535,2025-01,142.7,33.6,15.3
309,2025-05,102.7,13.7,13.9
514,2025-02,86.2,19.5,7.3
287,2025-04,87.0,30.7,7.0
367,2025-03,105.8,6.8,15.6
426,2025-01,139.4,21.3,8.4
661,2025-03,130.7,14.5,7.2
38,2025-01,104.0,21.5,17.0
514,2025-02,111.0,16.8,8.3
461,2025-02,111.6,18.3,10.9
276,2025-03,129.1,17.0,10.9
1,2025-06,80.4,29.4,19.3
510,2025-06,70.5,28.6,0.9
141,2025-01,114.5,34.5,0.0
351,2025-03,111.4,16.9,18.2
265,2025-02,122.8,23.3,18.7
183,2025-06,158.3,24.5,9.2
376,2025-04,153.1,34.2,3.1
457,2025-05,131.2,32.4,17.4
372,2025-05,154.4,10.0,5.2
616,2025-02,110.0,26.6,7.1
212,2025-04,118.2,5.7,1.2
437,2025-02,122.6,7.8,4.8
208,2025-02,150.2,7.0,15.3
244,2025-03,127.8,8.3,14.0
685,2025-05,130.8,26.5,17.0
587,2025-04,127.4,21.1,13.2
569,2025-03,119.3,9.0,18.7
3,2025-03,149.5,5.7,11.1
119,2025-06,76.7,24.3,16.0
159,2025-05,99.3,30.5,13.1
284,2025-06,126.4,31.0,9.1
418,2025-05,131.6,33.5,5.1
399,2025-01,121.1,33.1,9.1
580,2025-04,106.3,13.8,13.6
601,2025-02,71.9,6.7,11.8
266,2025-01,109.0,20.4,13.0
319,2025-05,133.9,7.6,11.4
36,2025-02,144.3,31.6,15.1
608,2025-01,153.9,34.9,18.9
530,2025-05,84.3,24.9,11.9
393,2025-04,84.7,8.4,2.9
134,2025-06,135.0,21.9,7.7
186,2025-02,106.1,21.1,3.1
193,2025-06,117.0,12.8,16.4
691,2025-03,74.2,25.6,3.8
693,2025-03,143.2,18.3,17.6
394,2025-02,139.0,12.6,13.6
231,2025-05,80.1,30.8,2.0
579,2025-03,123.2,28.9,13.3
115,2025-05,154.9,22.0,17.2
372,2025-03,86.5,9.4,15.9
655,2025-02,105.8,29.3,11.2
335,2025-01,134.2,20.7,0.4
574,2025-05,124.9,27.7,10.7
495,2025-01,115.6,7.9,0.1
461,2025-01,86.5,6.8,6.5
512,2025-01,107.6,32.5,16.2
328,2025-02,68.8,7.9,3.3
345,2025-04,79.2,32.4,10.5
442,2025-06,111.3,21.2,0.6
444,2025-02,100.7,11.5,7.1
680,2025-01,92.0,20.0,2.0
297,2025-06,101.8,31.0,13.1
424,2025-06,124.9,19.8,4.1
435,2025-01,105.1,17.6,0.3
494,2025-05,105.0,13.6,5.7
16,2025-03,85.6,14.7,13.1
674,2025-05,137.6,25.6,7.8
380,2025-03,152.8,34.5,17.3
118,2025-05,144.9,14.1,5.0
307,2025-04,114.0,23.0,7.8
568,2025-02,73.1,28.3,6.8
337,2025-04,92.8,15.7,4.1
574,2025-06,95.3,26.7,14.4
222,2025-03,87.2,7.5,12.2
694,2025-04,70.7,28.9,8.0
180,2025-02,109.7,27.9,9.9
218,2025-05,76.8,28.5,3.1
101,2025-02,102.9,13.8,4.1
308,2025-02,117.2,20.2,6.8
49,2025-01,153.4,6.8,6.8
667,2025-02,75.2,30.7,0.8
219,2025-03,99.2,30.3,9.0
74,2025-04,110.2,26.6,12.9
642,2025-04,62.9,20.3,2.7
493,2025-01,134.2,33.1,2.1
473,2025-02,63.2,26.4,3.8
558,2025-06,153.0,27.3,18.7
307,2025-06,109.6,11.6,14.9
536,2025-06,128.1,12.7,4.6
24,2025-06,126.4,34.4,6.9
459,2025-01,62.3,28.0,18.1
219,2025-05,79.4,11.4,18.3
330,2025-01,114.6,6.6,18.1
199,2025-01,143.1,20.1,5.3
180,2025-01,75.5,10.9,17.1
381,2025-01,84.9,34.2,10.0
319,2025-01,87.2,27.2,19.4
43,2025-05,70.5,33.7,2.5
524,2025-06,127.3,29.7,18.6
379,2025-06,127.4,21.2,13.4
454,2025-06,138.6,8.9,16.6
79,2025-03,148.8,24.5,10.2
546,2025-03,90.6,11.3,3.5
94,2025-01,76.3,30.3,16.5
34,2025-04,116.2,29.6,14.2
97,2025-01,159.8,12.2,5.7
586,2025-01,149.0,18.6,10.6
524,2025-04,116.5,22.3,7.8
557,2025-05,61.5,13.3,4.2
468,2025-01,87.7,9.2,1.3
265,2025-05,86.6,5.1,2.1
352,2025-04,89.0,6.2,13.7
588,2025-04,103.3,28.0,10.9
46,2025-03,127.9,16.3,8.5
298,2025-03,129.1,31.4,9.6
296,2025-03,74.2,12.3,18.4
513,2025-02,103.4,8.7,12.6
581,2025-01,124.9,26.3,14.5
268,2025-01,73.2,24.7,8.4
10,2025-04,151.4,30.6,13.8
591,2025-01,128.2,12.2,5.4
696,2025-06,60.2,28.0,18.4
329,2025-03,135.0,23.4,9.3
474,2025-03,71.5,8.9,17.5
694,2025-02,148.7,25.2,18.3
193,2025-03,98.5,24.2,7.4
492,2025-02,150.1,12.2,18.8
480,2025-02,158.4,32.5,12.1
504,2025-03,103.2,9.8,14.4
42,2025-04,97.8,9.6,18.1
51,2025-06,129.9,6.5,11.3
692,2025-01,100.6,32.2,13.4
321,2025-01,112.1,30.5,9.4
187,2025-03,141.4,14.2,2.5
412,2025-02,102.7,16.9,1.3
7,2025-04,65.7,7.2,9.3
152,2025-02,103.0,16.7,0.5
322,2025-05,154.3,8.1,18.3
614,2025-03,77.3,24.4,1.2
93,2025-04,85.9,30.7,9.1
72,2025-05,119.2,6.6,7.0
409,2025-03,159.0,15.7,5.8
497,2025-05,144.0,22.1,11.0
191,2025-05,129.9,19.6,8.7
407,2025-05,150.2,20.5,10.6
124,2025-02,100.4,10.0,19.2
28,2025-04,122.3,20.7,11.7
87,2025-01,129.8,22.7,9.7
597,2025-04,62.5,25.6,4.5
449,2025-06,159.2,31.8,15.1
436,2025-03,144.5,16.1,4.6
365,2025-05,88.7,23.4,6.0
66,2025-03,66.0,33.2,14.8
378,2025-02,90.2,34.5,17.4
256,2025-04,91.0,11.3,9.7
326,2025-01,81.6,12.8,16.0
694,2025-04,140.1,8.4,14.8
267,2025-04,100.3,7.9,16.2
672,2025-05,66.3,23.5,9.6
260,2025-02,121.2,22.7,1.4
605,2025-01,85.0,17.0,17.1
198,2025-06,115.9,30.3,6.2
2,2025-03,96.5,19.6,13.0
70,2025-04,86.4,8.1,10.6
406,2025-05,90.8,14.2,15.3
222,2025-01,112.7,10.9,8.9
377,2025-04,105.8,10.5,4.5
454,2025-04,105.4,6.2,3.6
375,2025-06,75.8,22.2,14.0
86,2025-02,95.5,14.9,13.4
635,2025-06,115.2,5.9,2.1
542,2025-06,96.3,29.6,9.3
316,2025-04,100.3,14.6,12.6
360,2025-06,79.6,26.0,1.7
427,2025-06,95.8,15.1,10.5
610,2025-03,154.0,23.2,1.8
635,2025-04,74.6,7.6,2.0
694,2025-06,100.9,22.5,12.0
683,2025-01,115.3,34.0,12.8
217,2025-01,145.8,10.5,11.0
595,2025-02,109.0,6.6,2.3
33,2025-02,111.3,31.3,19.6
52,2025-01,87.4,32.7,8.6
370,2025-04,106.1,8.8,3.1
115,2025-06,132.2,5.8,10.1
433,2025-04,79.7,25.1,16.9
697,2025-01,123.2,24.5,7.5
611,2025-03,126.8,10.0,13.6
264,2025-04,120.0,29.8,3.1
253,2025-01,119.4,10.4,15.6
377,2025-06,112.6,25.7,17.1
506,2025-04,151.6,26.4,10.5
372,2025-02,96.8,24.6,9.0
665,2025-06,120.8,11.6,1.5
193,2025-03,70.9,16.9,11.3
297,2025-06,63.4,21.2,13.2
383,2025-06,74.7,25.3,14.9
67,2025-05,130.9,32.8,15.1
382,2025-01,107.0,6.4,14.8
524,2025-06,142.4,13.7,13.8
663,2025-03,137.7,16.1,19.2
298,2025-02,113.6,27.7,5.7
77,2025-02,125.6,12.1,12.6
408,2025-01,137.3,30.5,8.0
654,2025-05,99.3,5.5,3.6
208,2025-01,90.4,6.4,3.7
359,2025-06,78.7,27.6,19.4
331,2025-02,108.4,5.1,16.8
689,2025-04,135.9,30.6,4.4
293,2025-04,98.4,5.0,13.3
692,2025-02,100.4,25.6,8.5
565,2025-04,132.0,31.7,11.0
521,2025-04,151.6,30.4,5.5
585,2025-03,136.4,11.1,9.3
45,2025-05,89.2,22.0,18.0
423,2025-05,99.4,9.3,0.5
236,2025-04,75.1,9.7,6.3
355,2025-04,134.7,30.6,5.6
506,2025-05,69.2,17.0,12.2
641,2025-06,76.6,23.8,5.9
108,2025-04,124.3,33.0,17.4
236,2025-02,80.3,8.1,19.6
287,2025-01,131.6,18.6,16.4
225,2025-04,96.6,27.9,19.3
237,2025-06,158.6,25.5,16.9
3,2025-06,101.3,15.6,2.5
645,2025-06,97.1,16.3,19.7
383,2025-05,61.3,27.2,18.5
214,2025-04,106.5,33.1,1.4
371,2025-01,91.7,32.2,2.4
266,2025-05,135.9,27.0,1.6
151,2025-06,151.7,27.4,9.3
614,2025-02,82.3,25.6,7.0
414,2025-04,129.3,20.0,10.2
63,2025-06,100.1,13.7,10.5
647,2025-06,82.0,34.6,17.3
599,2025-03,132.0,13.3,15.3
48,2025-01,134.3,33.2,17.2
28,2025-03,71.3,19.0,1.2
331,2025-05,118.2,25.2,16.5
647,2025-02,91.0,13.2,9.5
507,2025-02,76.9,13.6,3.2
455,2025-01,128.4,16.9,16.5
386,2025-01,146.8,17.9,2.9
657,2025-05,154.4,22.0,2.5
116,2025-03,62.8,11.8,17.3
170,2025-05,155.3,27.5,13.3
140,2025-04,153.3,22.9,17.5
187,2025-03,146.3,8.3,7.3
41,2025-01,132.2,6.8,1.5
640,2025-05,89.6,9.8,13.7
666,2025-04,130.0,5.6,7.8
41,2025-02,123.9,29.1,2.9
261,2025-06,77.4,6.4,14.9
593,2025-04,70.7,10.4,8.5
690,2025-05,130.2,18.1,16.4
341,2025-06,94.9,6.7,16.1
621,2025-05,97.5,30.4,6.0
401,2025-04,109.8,26.1,9.0
287,2025-03,104.6,12.4,19.8
355,2025-06,107.4,21.8,8.2
584,2025-01,135.7,12.0,8.2
211,2025-01,80.3,11.2,19.1
407,2025-04,121.0,9.6,6.8
94,2025-01,130.9,32.9,6.8
330,2025-02,87.5,19.6,3.6
437,2025-04,70.5,12.3,2.4
604,2025-04,73.4,33.0,17.0
622,2025-04,123.7,19.3,9.3
263,2025-02,91.7,18.9,12.3
178,2025-02,131.8,13.2,0.3
591,2025-03,129.6,8.5,8.3
440,2025-05,120.1,34.4,2.8
108,2025-05,132.1,27.6,5.9
494,2025-05,101.0,31.3,7.6
272,2025-01,85.7,24.5,19.4
66,2025-01,118.8,16.8,16.4
610,2025-06,138.2,10.3,3.5
494,2025-05,84.3,19.6,14.4
104,2025-04,123.9,24.6,18.9
592,2025-01,120.9,30.0,13.2
35,2025-04,65.8,30.2,14.7
283,2025-02,156.2,34.2,12.8
256,2025-06,156.5,16.9,17.9
46,2025-02,100.1,7.1,17.0
215,2025-03,125.9,17.7,2.2
272,2025-06,139.5,14.4,19.2
142,2025-05,117.1,6.4,1.4
607,2025-03,131.4,13.3,0.4
645,2025-03,155.9,20.2,19.0
420,2025-03,108.8,11.9,13.4
634,2025-01,133.0,31.0,2.5
209,2025-02,118.2,19.6,8.8
261,2025-04,158.2,15.0,13.4
190,2025-04,84.0,26.4,10.6
557,2025-01,125.0,14.5,10.6
246,2025-03,137.8,20.1,5.7
273,2025-03,96.9,26.9,0.1
673,2025-01,123.9,12.4,2.3
288,2025-06,84.4,34.0,2.9
309,2025-01,143.3,7.8,16.1
271,2025-06,108.8,13.2,3.0
542,2025-01,91.1,25.8,5.4
428,2025-01,91.3,8.4,13.4
274,2025-04,116.3,5.1,13.1
622,2025-06,159.6,10.5,7.1
620,2025-04,139.6,21.7,13.8
193,2025-01,134.1,28.7,18.0
240,2025-05,73.0,11.2,5.9
589,2025-01,91.0,16.9,6.6
140,2025-03,61.6,9.8,13.2
432,2025-01,88.9,23.6,3.3
271,2025-03,98.1,25.1,16.6
323,2025-03,110.5,25.6,18.0
278,2025-03,154.7,31.7,7.2
691,2025-04,125.3,13.8,18.2
414,2025-02,109.2,5.7,17.9
460,2025-02,66.3,19.0,3.9
685,2025-04,79.6,32.5,0.5
208,2025-01,63.5,27.4,0.5
423,2025-01,65.7,21.3,3.5
469,2025-01,88.1,5.4,17.1
219,2025-01,71.3,6.8,9.1
56,2025-05,135.7,7.2,3.2
345,2025-01,92.4,5.3,8.9
447,2025-01,99.6,19.2,5.6
56,2025-02,102.7,6.8,12.5
418,2025-02,119.9,26.8,16.3
284,2025-02,116.5,34.8,13.3
379,2025-04,145.6,9.0,12.0
138,2025-06,145.7,20.1,18.0
402,2025-01,88.3,32.7,14.2
281,2025-06,124.0,9.5,18.0
287,2025-03,130.4,10.7,13.4
403,2025-03,146.6,24.3,9.9
550,2025-06,71.4,29.8,5.1
111,2025-05,132.3,11.8,13.2
648,2025-03,155.6,23.8,11.9
488,2025-03,97.2,27.6,17.5
400,2025-03,105.2,21.5,12.7
290,2025-03,104.4,25.7,10.1
331,2025-06,96.7,19.5,0.0
629,2025-01,117.6,25.0,10.6
321,2025-06,133.4,28.4,17.7
405,2025-03,96.2,22.2,2.7
662,2025-06,75.3,6.6,0.2
665,2025-03,90.7,13.9,0.2
4,2025-06,111.5,32.4,3.3
146,2025-01,104.4,24.8,3.1
410,2025-04,121.2,8.3,11.7
438,2025-04,100.5,15.8,16.7
569,2025-01,89.8,20.1,0.1
453,2025-02,116.1,29.0,7.8
344,2025-03,97.1,15.7,15.8
252,2025-05,98.8,28.6,18.6
34,2025-03,71.8,22.8,10.5
86,2025-06,118.7,22.4,4.1
21,2025-02,123.9,6.9,6.2
442,2025-06,101.3,26.2,14.8
325,2025-02,137.8,30.4,8.7
601,2025-03,98.4,24.6,3.2
308,2025-01,89.3,10.6,5.3
223,2025-02,142.7,25.6,16.4
640,2025-01,118.1,26.6,0.2
193,2025-03,64.1,7.6,18.9
700,2025-03,74.7,31.3,5.0
499,2025-05,99.1,34.7,11.1
622,2025-04,118.7,8.0,11.6
205,2025-03,96.2,26.3,12.3
39,2025-03,110.3,14.9,6.7
332,2025-01,139.1,15.5,12.3
569,2025-02,156.0,17.6,11.8
25,2025-03,158.3,20.5,18.2
314,2025-05,133.9,14.7,15.1
26,2025-01,105.5,12.9,9.9
426,2025-03,121.7,26.1,15.8
41,2025-05,84.8,14.7,4.5
281,2025-02,115.7,21.8,19.6
308,2025-03,132.8,10.0,17.5
159,2025-02,94.0,13.1,19.1
135,2025-03,139.6,9.6,19.7
580,2025-03,78.2,17.3,10.5
62,2025-02,65.1,15.1,8.8
205,2025-02,61.5,24.4,3.4
362,2025-03,82.4,29.9,3.0
329,2025-03,114.4,14.3,12.4
312,2025-06,75.9,30.8,7.0
175,2025-06,96.4,11.6,2.0
434,2025-02,62.8,33.0,6.4
82,2025-02,123.5,21.3,16.8
165,2025-01,119.2,6.8,0.5
26,2025-02,127.4,29.2,18.5
170,2025-03,84.9,31.8,11.8
627,2025-03,71.2,15.1,7.1
368,2025-05,68.8,5.1,7.6
332,2025-06,103.7,31.0,2.1
683,2025-03,61.9,21.2,7.3
411,2025-05,142.5,13.2,5.6
46,2025-02,120.7,24.6,11.6
683,2025-03,150.5,9.8,4.0
674,2025-04,110.3,28.8,4.3
337,2025-03,108.6,14.6,0.8
434,2025-04,99.9,27.6,2.4
560,2025-02,90.0,31.4,1.7
202,2025-04,133.1,16.5,16.8
326,2025-01,65.5,6.8,7.9
624,2025-03,85.0,26.3,19.1
238,2025-02,119.5,16.2,8.4
82,2025-01,98.3,30.4,2.1
522,2025-06,134.8,17.8,4.0
581,2025-05,155.9,16.6,16.0
235,2025-01,73.2,24.4,11.8
169,2025-03,80.2,13.6,6.0
559,2025-06,132.0,14.7,5.5
572,2025-01,159.2,21.7,8.5
516,2025-02,109.6,25.7,14.5
45,2025-02,82.4,21.3,11.1
100,2025-05,118.9,21.7,4.8
402,2025-02,86.9,34.6,16.2
214,2025-04,152.8,34.6,16.4
600,2025-02,131.9,28.4,4.8
632,2025-05,97.7,13.6,11.7
27,2025-02,123.7,27.6,11.3
633,2025-03,88.3,29.0,11.6
495,2025-02,65.8,25.3,9.4
261,2025-04,80.7,16.5,12.1
271,2025-03,134.7,29.8,2.3
307,2025-02,154.8,9.5,7.8
377,2025-06,127.0,30.1,16.0
478,2025-03,145.4,16.2,7.1
314,2025-01,155.2,34.9,11.3
71,2025-05,156.5,17.4,6.0
30,2025-02,74.3,19.3,11.9
152,2025-06,148.9,31.8,8.9
225,2025-02,148.5,21.6,10.7
670,2025-01,112.3,7.2,16.9
100,2025-04,118.8,5.4,19.0
676,2025-06,96.4,6.2,0.5
668,2025-06,99.2,31.9,7.8
610,2025-02,91.6,31.7,9.0
603,2025-02,60.1,12.2,12.7
309,2025-01,106.1,23.3,11.4
377,2025-01,127.6,8.6,8.2
284,2025-02,107.9,22.9,2.8
54,2025-01,114.5,7.2,14.9
67,2025-06,94.6,19.7,13.2
28,2025-04,126.2,9.9,0.9
501,2025-02,61.5,33.1,15.3
576,2025-03,149.2,25.3,9.9
529,2025-05,110.1,14.3,19.1
404,2025-06,102.8,14.4,9.6
292,2025-02,155.7,32.2,0.1
521,2025-02,60.5,26.6,16.0
61,2025-06,129.6,16.0,16.3
485,2025-06,115.5,19.0,1.4
90,2025-06,157.3,6.5,3.3
171,2025-06,76.1,27.9,14.2
611,2025-01,133.0,18.9,9.3
474,2025-03,112.0,23.8,15.6
474,2025-05,132.9,13.6,12.2
170,2025-02,72.2,29.8,11.2
623,2025-05,91.1,24.6,16.5
209,2025-01,121.5,25.7,13.0
559,2025-06,68.8,8.1,16.3
162,2025-05,74.1,8.5,18.9
5,2025-02,107.4,33.2,16.2
399,2025-04,89.5,13.2,12.7
68,2025-01,115.3,33.3,0.2
311,2025-06,110.6,16.6,16.0
79,2025-04,147.8,21.1,3.0
126,2025-05,121.5,18.5,1.5
105,2025-03,106.5,29.1,0.1
436,2025-04,137.3,27.6,6.7
207,2025-06,114.2,25.2,11.5
441,2025-05,110.2,6.9,6.9
21,2025-04,145.5,28.3,3.2
52,2025-06,114.7,20.8,8.6
441,2025-03,141.2,30.4,0.3
426,2025-02,158.4,20.4,7.0
346,2025-01,155.3,34.7,7.6
467,2025-06,139.1,7.7,6.0
458,2025-05,158.9,28.5,7.6
122,2025-03,68.3,24.6,10.9
27,2025-02,88.5,30.5,16.5
339,2025-03,62.9,16.9,13.5
20,2025-01,110.0,23.6,0.4
45,2025-05,155.3,6.0,14.3
429,2025-01,127.8,25.6,0.7
326,2025-01,113.3,25.6,5.6
330,2025-04,71.3,12.9,3.1
654,2025-04,148.6,10.9,3.0
129,2025-04,88.3,33.3,11.8
562,2025-04,140.1,15.9,9.8
501,2025-04,117.7,21.5,5.8
48,2025-04,60.5,11.2,11.0
320,2025-06,159.3,25.7,3.2
178,2025-01,148.7,32.4,12.4
449,2025-02,92.9,13.9,6.6
185,2025-04,62.7,19.0,1.2
576,2025-01,82.9,8.5,6.0
206,2025-05,157.6,25.5,19.9
499,2025-02,144.3,27.7,14.1
159,2025-01,142.6,21.7,15.2
73,2025-04,69.0,26.5,5.8
363,2025-02,87.8,8.8,19.3
629,2025-04,118.0,10.6,0.0
696,2025-03,93.6,14.8,15.7
352,2025-06,148.6,33.6,14.9
72,2025-05,81.6,17.9,17.4
605,2025-02,151.0,13.9,11.5
519,2025-05,140.9,30.6,8.2
682,2025-03,152.4,13.4,12.9
52,2025-06,79.9,15.6,7.3
79,2025-05,78.9,18.5,6.5
90,2025-03,115.5,28.5,18.9
164,2025-06,66.8,21.8,1.9
245,2025-03,60.6,30.7,12.4
639,2025-03,93.2,22.4,11.0
129,2025-01,103.5,21.6,16.2
353,2025-04,69.5,27.3,12.4
478,2025-05,76.4,34.7,3.9
214,2025-03,158.7,22.9,9.5
406,2025-03,93.0,17.3,18.5
85,2025-05,128.3,35.0,19.6
129,2025-03,107.4,20.5,12.0
72,2025-05,103.0,31.4,13.9
161,2025-01,104.3,5.2,3.2
374,2025-02,60.4,27.6,9.6
633,2025-03,60.8,27.8,9.7
598,2025-01,125.8,31.0,17.9
274,2025-01,146.5,7.5,15.3
396,2025-05,107.5,31.1,14.1
697,2025-01,113.8,16.4,7.6
548,2025-05,110.0,6.3,11.1
89,2025-03,101.4,14.5,12.7
672,2025-02,137.6,22.1,16.5
175,2025-06,80.1,20.6,0.3
694,2025-01,64.9,11.3,8.3
79,2025-03,62.9,13.0,9.2
524,2025-01,130.0,12.4,2.6
91,2025-01,133.5,13.1,11.1
368,2025-03,89.3,30.0,2.0
531,2025-03,106.2,32.3,11.4
232,2025-01,131.2,11.8,9.2
20,2025-06,84.4,14.4,9.7
357,2025-03,159.8,6.4,3.7
82,2025-05,106.2,29.7,0.8
629,2025-03,155.7,14.2,5.2
27,2025-01,105.7,27.3,3.4
337,2025-01,90.7,7.4,2.7
675,2025-06,96.4,15.1,0.2
306,2025-02,159.2,25.9,7.5
156,2025-06,94.8,30.7,12.2
168,2025-02,82.2,12.1,11.8
430,2025-01,116.3,14.7,16.4
322,2025-04,120.5,28.8,17.7
353,2025-01,101.8,29.4,2.5
368,2025-06,83.4,24.4,6.6
439,2025-02,117.8,13.3,3.4
141,2025-05,82.5,29.6,2.2
198,2025-06,66.6,19.4,11.1
574,2025-01,107.3,23.9,14.0
193,2025-05,106.3,28.4,4.7
553,2025-02,64.2,21.3,16.4
559,2025-03,62.0,22.7,7.1
662,2025-02,122.7,13.6,6.5
190,2025-03,153.5,31.0,0.6
351,2025-05,145.8,33.0,9.3
386,2025-03,123.5,32.2,4.9
322,2025-05,115.4,15.2,9.1
145,2025-02,100.5,15.1,18.3
81,2025-05,135.8,28.0,11.7
280,2025-01,64.3,7.5,13.7
447,2025-05,138.6,13.1,9.2
116,2025-03,134.2,28.8,15.0
157,2025-02,108.9,29.7,11.1
89,2025-02,133.2,10.6,6.6
612,2025-03,109.0,17.1,13.0
157,2025-03,78.6,29.9,1.4
129,2025-04,82.3,31.0,10.3
647,2025-02,141.5,34.5,10.7
247,2025-06,63.7,29.2,14.0
320,2025-02,142.6,9.3,5.2
26,2025-06,61.5,28.9,10.3
51,2025-05,149.3,15.7,6.7
279,2025-02,96.4,24.9,16.3
623,2025-06,67.9,8.0,9.2
148,2025-05,119.3,21.3,5.7
426,2025-01,87.7,23.6,12.7
81,2025-02,158.1,7.2,6.3
456,2025-05,90.4,19.7,6.2
244,2025-04,103.8,14.8,4.0
630,2025-04,124.0,29.5,4.6
520,2025-04,114.7,19.8,12.4
401,2025-03,144.8,14.5,13.4
153,2025-01,156.8,24.7,12.3
106,2025-06,84.3,9.4,17.5
474,2025-01,87.3,16.8,5.4
212,2025-05,119.5,10.0,3.2
494,2025-04,105.7,12.4,10.8
368,2025-02,68.6,28.5,14.1
463,2025-02,89.8,32.8,19.5
97,2025-05,133.0,15.4,4.8
376,2025-01,128.3,27.0,9.0
40,2025-06,72.6,10.4,3.1
408,2025-02,88.4,34.5,8.8
649,2025-02,64.1,15.6,12.3
219,2025-02,69.3,32.4,6.7
290,2025-03,85.5,24.3,12.9
418,2025-02,159.8,28.8,6.8
103,2025-04,88.3,11.5,16.3
350,2025-03,92.2,13.8,1.6
567,2025-02,160.0,12.3,2.4
671,2025-04,69.3,18.8,5.8
82,2025-02,120.2,8.8,4.9
671,2025-05,73.2,23.9,10.3
559,2025-05,91.3,18.1,12.7
475,2025-06,111.8,17.5,17.3
314,2025-06,153.8,6.9,7.1
266,2025-05,140.1,18.4,0.0
485,2025-03,70.6,18.9,15.5
459,2025-06,97.5,17.3,1.0
400,2025-01,95.1,6.4,2.2
357,2025-02,144.4,18.5,16.9
445,2025-03,147.5,5.0,13.9
150,2025-06,64.2,27.3,2.0
571,2025-06,143.3,33.8,2.8
614,2025-02,87.9,11.8,13.8
166,2025-05,140.4,26.0,2.0
388,2025-06,79.0,28.4,13.7
289,2025-03,142.1,7.2,0.3
239,2025-02,78.0,16.6,10.3
117,2025-04,102.2,23.2,8.2
239,2025-03,61.3,32.2,7.8
630,2025-04,87.3,10.1,8.5
636,2025-02,94.1,9.2,10.0
173,2025-01,156.7,29.5,7.2
52,2025-06,74.1,13.9,7.4
436,2025-04,65.3,20.0,18.6
59,2025-01,74.6,9.6,18.3
451,2025-06,151.2,26.1,15.5
65,2025-06,70.8,10.6,11.5
251,2025-05,139.9,34.7,19.4
2,2025-04,139.7,33.8,6.0
208,2025-02,109.5,22.5,9.8
26,2025-02,133.9,20.8,15.9
608,2025-03,92.0,31.3,14.8
38,2025-02,131.3,33.9,15.5
236,2025-04,152.2,12.2,1.8
72,2025-06,60.1,15.7,11.3
162,2025-05,63.2,29.4,3.9
675,2025-06,78.5,32.6,6.0
66,2025-02,153.0,27.4,19.8
328,2025-04,135.5,31.3,4.3
647,2025-03,144.7,11.3,14.1
470,2025-06,141.7,31.1,8.4
660,2025-05,70.2,16.0,10.3
265,2025-01,71.1,30.8,13.1
584,2025-06,76.3,20.2,6.4
147,2025-05,97.4,32.1,3.3
421,2025-03,78.1,19.9,4.0
663,2025-03,75.2,6.0,16.5
361,2025-01,67.7,24.2,8.7
289,2025-01,93.9,9.3,9.5
581,2025-04,156.3,33.9,8.0
85,2025-06,128.2,22.5,19.2
596,2025-04,125.2,13.8,16.0
42,2025-03,132.8,10.9,6.8
417,2025-03,61.0,11.4,7.9
300,2025-01,84.9,26.0,17.9
278,2025-04,64.0,29.5,11.0
115,2025-06,98.3,22.4,5.6
558,2025-03,132.9,21.3,15.3
561,2025-04,72.5,15.4,5.5
577,2025-06,140.4,27.0,19.7
691,2025-05,119.1,29.9,19.7
351,2025-03,106.4,27.7,4.8
423,2025-05,112.0,19.9,7.5
174,2025-03,70.6,12.8,18.7
573,2025-01,122.6,11.5,16.5
445,2025-06,130.9,32.7,11.4
128,2025-01,67.9,17.7,16.5
422,2025-05,74.9,24.8,4.2
383,2025-04,84.3,30.2,17.8
235,2025-05,137.8,14.8,15.4
74,2025-06,85.4,32.4,14.8
33,2025-01,153.0,31.6,7.7
375,2025-02,61.1,10.9,19.6
553,2025-05,61.4,26.1,10.0
354,2025-04,143.7,8.7,17.4
78,2025-05,138.2,11.1,5.1
493,2025-04,66.3,7.7,7.5
347,2025-03,120.9,28.4,3.7
146,2025-04,108.0,25.4,4.1
45,2025-06,62.3,9.0,14.8
439,2025-02,148.0,13.2,6.2
564,2025-02,63.5,5.8,9.9
450,2025-05,146.8,24.7,4.2
465,2025-06,103.2,17.5,3.8
146,2025-02,82.1,26.1,4.7
238,2025-06,77.3,18.3,12.7
513,2025-04,92.6,5.1,13.5
436,2025-03,146.1,33.3,13.6
302,2025-05,87.4,34.8,6.7
376,2025-01,90.6,20.3,13.2
27,2025-02,77.0,30.0,17.3
243,2025-06,146.1,29.9,2.3
584,2025-05,68.6,21.1,14.6
132,2025-02,71.2,13.4,2.3
21,2025-05,88.2,32.4,9.1
494,2025-02,141.3,12.4,14.5
9,2025-02,111.2,29.6,4.8
347,2025-06,61.8,6.2,6.7
553,2025-06,64.5,30.7,4.7
356,2025-04,72.9,6.7,15.6
559,2025-06,145.3,24.7,13.2
108,2025-03,74.1,9.2,11.8
636,2025-03,100.5,25.4,13.7
454,2025-03,96.8,17.3,17.1
58,2025-04,68.8,24.5,19.2
521,2025-06,128.8,28.2,7.6
655,2025-03,157.5,19.8,17.0
27,2025-04,156.8,15.4,2.3
293,2025-02,139.0,27.9,0.5
682,2025-05,76.4,32.8,20.0
315,2025-03,96.2,14.6,12.9
271,2025-02,84.3,12.7,19.1
631,2025-04,135.3,6.3,17.3
226,2025-04,101.4,14.4,14.7
292,2025-06,70.8,5.7,1.2
345,2025-02,69.7,12.7,8.7
666,2025-06,155.0,26.9,0.2
601,2025-05,108.4,26.6,15.7
371,2025-06,119.6,11.6,7.0
91,2025-05,143.7,20.3,12.2
489,2025-01,156.3,5.2,11.6
671,2025-04,80.7,17.6,19.3
27,2025-05,142.2,18.7,3.9
520,2025-03,100.1,20.9,10.6
89,2025-02,113.8,5.6,19.2
266,2025-01,101.1,8.9,2.4
115,2025-03,63.7,26.3,15.2
134,2025-01,151.7,17.4,6.0
288,2025-02,119.1,20.8,4.9
609,2025-06,100.1,25.9,10.1
668,2025-02,88.3,28.4,5.1
102,2025-05,109.3,19.0,6.4
98,2025-01,105.2,12.8,5.2
575,2025-01,67.9,27.9,14.3
182,2025-02,133.7,29.5,13.3
269,2025-06,63.6,5.7,3.7
93,2025-04,81.8,34.2,7.3
344,2025-02,87.9,29.7,18.3
526,2025-06,78.0,32.2,17.8
9,2025-01,139.4,25.7,17.1
699,2025-01,93.3,19.6,3.1
581,2025-05,157.3,24.8,10.2
424,2025-05,90.0,32.7,12.0
442,2025-03,153.8,7.7,19.0
199,2025-03,108.9,23.7,6.9
218,2025-05,91.9,5.6,12.7
529,2025-02,157.1,25.5,4.3
512,2025-03,68.9,6.5,10.8
659,2025-03,87.3,7.0,13.1
698,2025-04,139.2,10.4,0.8
329,2025-06,119.6,24.1,17.4
538,2025-04,150.7,19.8,13.0
354,2025-02,149.2,34.7,14.2
274,2025-04,140.6,17.6,18.7
540,2025-01,145.2,21.2,6.8
431,2025-03,158.6,29.7,14.2
414,2025-03,89.7,22.3,3.9
599,2025-01,117.0,29.4,12.6
322,2025-06,88.7,15.0,5.9
15,2025-03,79.7,10.6,16.3
62,2025-01,98.5,5.0,4.5
324,2025-03,97.7,16.2,8.2
320,2025-04,80.1,24.6,4.2
250,2025-06,134.5,20.8,8.7
303,2025-01,83.6,29.5,7.4
653,2025-03,130.9,5.7,18.5
369,2025-05,113.3,19.5,17.0
121,2025-05,65.2,24.8,1.8
675,2025-02,82.6,23.0,16.9
32,2025-05,115.3,9.5,9.9
459,2025-04,92.8,9.1,2.1
559,2025-06,142.4,21.2,15.9
261,2025-01,149.9,28.4,6.9
685,2025-05,94.7,6.2,14.4
323,2025-03,154.8,5.2,6.0
62,2025-05,95.8,32.3,16.1
189,2025-06,65.8,20.8,17.5
55,2025-04,155.9,18.7,0.9
344,2025-02,109.7,33.1,7.4
475,2025-05,158.8,11.8,8.0
689,2025-04,60.1,10.9,1.4
575,2025-04,66.5,5.6,14.8
550,2025-05,90.1,27.8,6.6
297,2025-02,110.1,26.2,13.0
639,2025-03,85.4,9.9,0.2
181,2025-06,85.6,11.4,18.3
75,2025-06,144.7,19.7,2.8
183,2025-02,69.5,31.1,12.3
140,2025-05,64.4,26.4,18.1
527,2025-02,84.5,21.5,17.7
417,2025-02,98.1,25.3,9.0
648,2025-03,138.6,30.4,4.8
102,2025-02,96.4,15.4,19.9
316,2025-06,128.6,25.9,8.9
315,2025-01,82.5,25.9,9.2
168,2025-04,149.8,7.9,11.2
103,2025-02,142.3,16.6,11.1
90,2025-03,91.7,18.6,9.3
279,2025-04,132.9,24.9,8.9
130,2025-03,103.7,19.6,18.7
506,2025-03,140.5,31.2,12.7
479,2025-02,132.0,6.4,8.4
483,2025-03,92.0,16.8,10.7
433,2025-01,129.3,25.6,7.7
409,2025-06,111.6,12.6,11.8
339,2025-06,124.8,9.2,8.7
520,2025-01,111.5,5.3,7.2
466,2025-02,91.5,34.2,7.7
343,2025-04,90.5,28.6,4.4
458,2025-03,155.3,28.0,12.4
618,2025-02,63.6,32.4,10.5
156,2025-04,128.2,31.2,11.1
151,2025-06,97.7,24.6,9.2
493,2025-02,80.6,22.2,7.6
699,2025-05,105.8,34.4,8.6
297,2025-04,61.2,22.8,9.9
454,2025-04,121.5,11.4,12.6
558,2025-03,125.6,5.8,9.6
580,2025-05,120.8,32.5,11.0
633,2025-04,112.0,30.9,13.7
463,2025-02,65.7,24.2,6.5
621,2025-01,89.8,17.2,5.0
82,2025-04,152.2,30.2,16.3
605,2025-04,117.0,16.2,12.0
279,2025-03,106.7,9.3,12.1
597,2025-02,110.2,14.4,5.2
471,2025-03,105.6,12.8,3.9
205,2025-03,76.3,32.5,2.4
119,2025-02,121.7,33.4,19.6
541,2025-01,107.3,25.4,4.9
288,2025-01,100.8,15.8,12.3
299,2025-03,150.7,19.8,19.5
249,2025-01,157.4,12.9,16.3
669,2025-01,158.1,29.7,3.8
460,2025-05,111.2,7.3,7.7
233,2025-02,91.9,24.8,4.2
104,2025-02,135.2,33.4,19.8
198,2025-01,111.8,31.7,17.8
448,2025-02,136.1,7.6,16.4
691,2025-05,88.8,9.7,17.8
403,2025-02,128.2,7.9,4.3
476,2025-03,146.8,20.6,8.6
410,2025-01,140.8,17.7,4.9
420,2025-02,152.3,29.9,17.8
6,2025-05,104.4,16.0,16.9
189,2025-02,145.5,10.0,8.2
455,2025-02,109.5,21.0,19.7
641,2025-05,144.1,23.8,0.4
373,2025-01,85.3,7.0,16.4
687,2025-03,68.6,33.1,10.1
491,2025-04,119.4,13.6,17.4
355,2025-04,94.9,23.3,11.2
601,2025-04,89.9,19.0,14.3
214,2025-06,142.4,30.4,7.5
121,2025-03,78.3,27.3,1.9
274,2025-05,73.7,15.7,18.8
445,2025-02,105.0,14.1,11.0
115,2025-05,122.2,20.6,5.3
34,2025-03,151.3,30.8,19.0
204,2025-01,147.0,34.3,1.0
55,2025-06,102.2,28.2,2.2
687,2025-02,112.7,31.5,14.4
2,2025-06,65.1,20.1,18.0
700,2025-05,84.6,19.3,11.1
198,2025-03,125.6,10.4,11.5
71,2025-03,158.6,15.0,0.3
264,2025-02,149.0,30.2,5.1
401,2025-04,103.0,33.2,14.7
602,2025-03,127.7,33.8,1.8
409,2025-05,128.3,10.4,0.4
179,2025-02,102.2,18.0,18.3
125,2025-04,101.0,29.1,4.2
373,2025-01,144.6,14.0,17.8
214,2025-03,154.5,10.5,6.8
274,2025-04,102.0,19.6,16.6
657,2025-04,144.9,27.8,10.5
50,2025-01,134.3,17.0,6.6
197,2025-04,141.4,29.0,2.3
677,2025-03,82.5,34.1,13.8
487,2025-06,74.2,7.9,16.1
171,2025-01,144.3,11.1,5.8
486,2025-03,80.3,12.4,18.6
339,2025-04,68.8,29.9,12.7
643,2025-01,69.0,17.4,13.0
75,2025-04,125.9,26.8,14.4
68,2025-03,74.9,8.8,5.8
76,2025-02,118.1,29.6,4.9
479,2025-01,67.4,8.0,4.3
696,2025-06,72.7,22.0,7.5
686,2025-04,159.8,26.5,8.2
57,2025-05,120.4,29.3,10.3
409,2025-04,80.3,34.6,0.6
462,2025-01,83.6,26.1,12.0
140,2025-01,66.8,8.2,11.5
95,2025-05,68.2,15.7,8.4
458,2025-06,102.6,8.7,9.2
119,2025-05,79.3,22.5,10.9
671,2025-06,81.6,27.6,2.6
197,2025-01,134.4,6.7,0.6
120,2025-02,111.4,29.1,9.3
429,2025-06,85.7,29.1,3.5
578,2025-05,155.9,24.6,18.3
652,2025-01,72.9,33.3,18.2
201,2025-01,62.1,11.2,16.2
344,2025-03,94.5,27.2,8.6
439,2025-05,103.1,34.8,13.8
530,2025-04,80.9,33.0,11.3
375,2025-01,110.1,18.0,19.4
500,2025-02,73.7,9.4,13.0
646,2025-03,120.2,8.1,6.3
369,2025-06,66.0,10.1,7.6
635,2025-04,109.4,14.1,6.4
338,2025-06,137.1,17.3,11.2
455,2025-03,135.2,12.9,16.3
455,2025-06,159.4,19.7,11.1
231,2025-05,102.8,18.4,4.8
26,2025-03,152.5,29.7,4.4
623,2025-01,90.1,16.2,16.2
313,2025-02,129.7,10.6,8.2
260,2025-05,87.1,9.1,14.2
443,2025-02,146.8,23.0,14.8
667,2025-04,98.5,26.3,7.2
214,2025-05,148.9,19.6,11.6
484,2025-01,144.7,9.8,12.6
222,2025-06,94.9,5.8,7.0
365,2025-04,114.4,29.4,17.4
91,2025-05,140.8,18.5,16.8
441,2025-05,139.4,25.7,19.5
361,2025-04,139.4,28.9,18.9
440,2025-02,88.0,20.8,19.7
655,2025-01,108.2,10.6,11.6
351,2025-02,66.2,11.7,1.7
84,2025-01,110.7,9.8,13.9
573,2025-06,135.0,23.0,19.7
342,2025-05,128.9,19.5,15.1
642,2025-01,101.5,23.7,4.8
163,2025-01,76.7,34.6,15.4
242,2025-04,114.0,26.8,8.9
211,2025-06,106.2,13.8,15.9
497,2025-03,92.0,25.0,5.3
510,2025-06,124.2,23.2,18.1
655,2025-02,140.9,25.9,11.5
49,2025-04,89.5,31.3,2.5
355,2025-03,113.8,29.5,19.5
83,2025-04,159.2,34.8,18.0
37,2025-06,66.3,24.9,10.8
59,2025-04,129.3,9.1,10.6
677,2025-06,82.4,28.8,19.0
691,2025-03,147.5,21.8,1.6
456,2025-04,102.9,28.7,1.9
450,2025-06,62.7,8.0,13.4
22,2025-04,125.5,24.4,16.0
121,2025-05,110.6,10.7,17.7
627,2025-03,143.9,12.8,6.2
549,2025-05,140.1,19.9,2.9
366,2025-02,80.3,26.2,17.1
690,2025-05,78.7,11.2,7.5
480,2025-03,128.0,22.1,10.7
508,2025-02,72.1,31.0,2.9
202,2025-02,82.3,19.5,14.2
107,2025-04,135.9,18.4,1.4
31,2025-03,79.4,25.5,11.5
458,2025-06,105.6,29.7,2.6
688,2025-05,77.6,28.8,15.0
70,2025-06,87.6,8.6,1.2
431,2025-03,134.1,23.6,15.0
690,2025-06,106.1,14.1,14.6
289,2025-03,87.3,19.1,19.1
4,2025-01,147.4,28.9,5.3
51,2025-01,62.6,10.3,13.4
76,2025-04,99.6,22.8,0.5
567,2025-05,77.6,6.8,11.2
194,2025-03,117.4,8.6,13.0
59,2025-04,112.6,33.7,13.1
61,2025-05,100.0,16.1,13.4
337,2025-06,91.0,33.3,2.1
228,2025-05,141.2,15.0,6.3
637,2025-02,135.8,22.4,8.6
296,2025-03,132.9,22.3,15.4
517,2025-02,91.6,25.2,8.5
581,2025-06,119.1,8.8,12.9
685,2025-02,157.1,26.9,19.1
458,2025-03,75.7,17.9,16.4
342,2025-05,92.4,7.9,15.3
371,2025-05,113.1,29.1,18.9
508,2025-04,94.5,14.7,7.0
185,2025-06,147.2,14.4,8.2
163,2025-05,146.9,25.4,13.4
420,2025-05,145.0,15.7,4.7
232,2025-02,100.2,7.4,14.8
311,2025-06,123.5,8.1,2.6
153,2025-01,76.6,31.8,16.1
641,2025-03,153.1,32.6,0.9
369,2025-01,145.5,10.4,6.3
329,2025-06,88.8,21.3,5.0
28,2025-06,82.4,32.1,1.4
572,2025-04,103.9,31.8,10.8
159,2025-03,99.0,18.4,0.9
254,2025-04,68.8,28.4,13.8
659,2025-03,76.9,27.2,1.2
418,2025-04,100.2,10.5,15.4
227,2025-01,76.2,26.6,17.2
180,2025-01,119.5,30.6,7.4
264,2025-03,60.3,27.0,6.1
181,2025-03,156.9,33.2,17.7
562,2025-01,101.4,12.2,4.9
367,2025-02,139.1,11.3,10.2
71,2025-05,124.0,12.5,19.0
527,2025-05,76.2,31.6,18.6
277,2025-01,91.1,32.0,12.1
378,2025-06,109.2,13.6,11.1
567,2025-04,73.5,6.1,4.5
302,2025-06,115.1,30.4,12.5
540,2025-05,146.7,5.9,4.1
644,2025-05,69.4,10.2,2.6
512,2025-04,141.7,21.0,3.9
1,2025-03,158.1,12.3,2.5
207,2025-02,148.8,22.0,17.3
119,2025-05,102.5,15.8,12.5
335,2025-05,119.6,33.3,5.4
100,2025-05,157.5,5.2,8.8
645,2025-01,101.0,16.8,10.9
17,2025-04,97.0,9.6,19.9
109,2025-02,74.7,28.3,19.8
124,2025-04,64.9,31.7,18.5
504,2025-03,70.0,9.2,9.8
271,2025-01,99.4,12.7,18.5
635,2025-05,77.3,23.4,8.5
101,2025-01,67.7,26.9,12.5
547,2025-04,63.4,6.0,0.9
393,2025-01,125.2,24.8,19.0
456,2025-01,153.2,21.7,7.2
277,2025-04,86.0,21.7,8.0
10,2025-01,110.1,19.7,18.3
398,2025-01,158.5,9.2,14.3
684,2025-02,115.7,17.9,14.5
78,2025-06,102.3,23.9,16.0
341,2025-03,92.8,16.4,7.5
437,2025-02,133.1,24.4,16.8
615,2025-06,118.5,26.2,4.9
45,2025-05,70.9,14.1,16.6
394,2025-03,103.9,18.3,1.4
426,2025-02,103.7,32.9,0.1
30,2025-04,132.2,22.7,0.2
619,2025-03,82.4,12.6,3.8
537,2025-04,122.0,15.6,4.6
105,2025-02,83.4,35.0,17.4
242,2025-02,87.9,17.6,1.8
28,2025-04,130.1,26.7,7.6
590,2025-02,157.4,35.0,12.1
25,2025-04,112.4,13.8,8.7
141,2025-06,110.1,11.1,5.2
216,2025-02,86.9,32.4,14.3
163,2025-02,159.9,19.4,19.4
19,2025-04,132.0,15.2,13.4
293,2025-03,134.5,16.9,0.6
530,2025-02,134.0,27.5,8.0
189,2025-04,64.1,33.1,13.6
133,2025-06,123.4,33.3,15.8
669,2025-04,149.2,15.8,13.5
329,2025-05,157.1,27.8,13.2
491,2025-05,65.4,12.6,7.3
236,2025-03,144.2,18.5,7.7
121,2025-02,152.2,10.0,17.7
202,2025-01,111.8,26.9,8.7
639,2025-05,117.7,23.6,16.9
162,2025-05,138.6,22.1,19.7
157,2025-01,137.5,15.6,0.7
618,2025-06,112.6,15.0,10.9
172,2025-02,98.7,34.8,13.6
416,2025-03,159.2,26.5,6.3
553,2025-03,93.1,25.5,10.4
251,2025-02,97.2,33.9,4.9
233,2025-02,132.2,6.5,12.2
63,2025-06,138.0,13.5,3.5
153,2025-03,67.1,27.5,19.5
412,2025-01,145.0,34.6,6.5
586,2025-02,145.7,10.4,6.1
45,2025-02,86.4,22.3,5.7
263,2025-04,86.1,8.9,10.4
606,2025-06,118.0,19.7,6.3
228,2025-06,118.3,31.0,9.9
39,2025-05,114.1,33.5,18.6
615,2025-06,67.6,17.4,2.7
257,2025-03,85.7,19.4,19.4
678,2025-04,158.5,14.6,7.0
478,2025-06,126.7,13.1,19.2
103,2025-02,73.4,6.2,3.8
84,2025-06,85.8,21.4,15.1
128,2025-02,78.0,32.2,18.2
361,2025-01,108.9,12.4,8.9
420,2025-02,98.9,13.2,7.1
559,2025-04,159.0,13.6,1.6
476,2025-06,86.9,24.0,9.5
408,2025-05,96.4,19.8,9.6
270,2025-02,70.3,30.0,18.8
369,2025-01,135.9,32.1,3.6
317,2025-02,71.9,9.9,4.7
461,2025-05,144.7,28.2,10.6
520,2025-04,85.6,14.1,6.2
224,2025-05,157.4,21.3,10.3
270,2025-04,150.0,9.4,7.4
243,2025-05,127.8,16.1,19.2
186,2025-03,123.7,33.9,15.6
129,2025-03,135.6,34.4,14.1
435,2025-05,127.1,13.5,11.9
655,2025-06,138.8,15.5,12.5
579,2025-02,73.0,30.8,16.8
598,2025-05,111.9,13.1,16.7
654,2025-06,156.5,34.2,2.4
28,2025-04,73.3,15.2,11.4
498,2025-05,80.2,25.8,14.2
468,2025-04,142.9,15.9,0.2
685,2025-03,152.7,15.1,6.4
58,2025-02,63.8,22.9,6.1
319,2025-03,117.8,11.1,18.5
565,2025-04,73.4,17.1,6.0
105,2025-06,152.7,22.4,5.7
231,2025-04,129.9,25.5,10.6
359,2025-06,154.4,17.9,17.8
521,2025-03,62.2,7.4,9.7
274,2025-03,69.0,29.8,11.7
342,2025-05,82.1,23.9,16.7
289,2025-03,96.1,5.1,8.4
95,2025-06,96.6,33.2,9.8
346,2025-04,109.4,21.4,11.2
349,2025-04,157.7,23.2,18.0
510,2025-01,130.5,6.9,4.2
300,2025-04,86.1,34.9,5.6
71,2025-05,131.2,34.8,8.2
331,2025-01,132.6,32.1,0.0
443,2025-01,139.6,25.1,19.5
450,2025-06,99.2,5.9,2.5
365,2025-06,93.2,22.1,11.8
363,2025-06,87.7,7.2,13.9
48,2025-01,103.1,13.7,3.3
264,2025-05,149.7,10.6,2.7
397,2025-04,115.8,32.8,4.0
100,2025-04,125.6,33.8,9.4
326,2025-03,76.2,26.9,6.2
687,2025-02,85.1,5.2,3.7
394,2025-05,145.5,29.9,17.7
553,2025-02,113.3,17.3,3.3
22,2025-04,142.8,17.3,16.9
81,2025-01,151.6,28.6,19.3
423,2025-01,68.4,19.7,3.2
575,2025-05,106.8,32.0,2.8
281,2025-01,72.0,11.1,10.3
125,2025-01,107.6,30.8,4.8
660,2025-06,95.8,25.1,11.7
593,2025-04,83.6,14.0,18.8
657,2025-06,60.8,33.1,0.3
699,2025-03,75.4,23.0,16.7
459,2025-06,79.4,31.9,18.7
404,2025-06,63.9,24.4,13.7
90,2025-01,137.6,18.0,12.2
172,2025-02,99.2,7.5,17.1
274,2025-01,106.4,30.6,4.5
409,2025-06,63.7,25.4,16.4
296,2025-05,99.8,19.4,4.1
234,2025-05,139.3,7.8,9.7
38,2025-01,106.6,17.2,8.2
293,2025-03,60.5,25.2,0.2
87,2025-05,155.2,34.0,3.4
643,2025-06,151.5,24.4,7.2
167,2025-03,112.5,25.4,17.1
500,2025-06,142.7,15.6,0.1
381,2025-05,99.3,31.8,1.9
5,2025-02,153.8,31.2,1.6
619,2025-02,109.7,7.8,8.0
50,2025-01,124.8,11.2,11.1
146,2025-01,111.5,16.1,19.4
126,2025-03,106.7,10.7,2.9
385,2025-05,88.3,6.7,6.4
59,2025-02,125.4,33.1,0.6
